<!--
Configuration file for Code Red project motor_demo

Copyright (c) 2011-2012 Texas Instruments Incorporated.  All rights reserved.
Software License Agreement

Texas Instruments (TI) is supplying this software for use solely and
exclusively on TI's microcontroller products. The software is owned by
TI and/or its suppliers, and is protected under applicable copyright
laws. You may not combine this software with "viral" open-source
software in order to form a larger program.

THIS SOFTWARE IS PROVIDED "AS IS" AND WITH ALL FAULTS.
NO WARRANTIES, WHETHER EXPRESS, IMPLIED OR STATUTORY, INCLUDING, BUT
NOT LIMITED TO, IMPLIED WARRANTIES OF MERCHANTABILITY AND FITNESS FOR
A PARTICULAR PURPOSE APPLY TO THIS SOFTWARE. TI SHALL NOT, UNDER ANY
CIRCUMSTANCES, BE LIABLE FOR SPECIAL, INCIDENTAL, OR CONSEQUENTIAL
DAMAGES, FOR ANY REASON WHATSOEVER.

This is part of revision 9107 of the Stellaris Firmware Development Package.
-->

<project chip="LM3S9B96"
         postBuild="arm-none-eabi-objcopy -O binary ${BuildArtifactFileName} ${BuildArtifactFileBaseName}.bin"
         type="LMI Basic C project"
         vendor="LMI">
  <import src=".">
    <exclude>{(Makefile|Makefile\..*|ccs|codered|ewarm|gcc|rvmdk|sourcerygxx)}</exclude>
    <exclude>{startup_(ewarm|gcc|rvmdk|sourcerygxx|ccs).(c|S)}</exclude>
    <exclude>{.*\.(ewd|ewp|eww|icf|Opt|sct|sgxx|Uv2|uvopt|uvproj|xml|ld|cmd)}</exclude>
  </import>
  <import src="..">
    <copy>drivers/display96x16x1.c</copy>
    <copy>drivers/display96x16x1.h</copy>
    <copy>drivers/io.c</copy>
    <copy>drivers/io.h</copy>
    <copy>drivers/motor.c</copy>
    <copy>drivers/motor.h</copy>
    <copy>drivers/sensors.c</copy>
    <copy>drivers/sensors.h</copy>
  </import>
  <import src=".">
    <copy>motor_demo_codered.ld</copy>
  </import>
  <requires>
    <value>inc</value>
    <value>driverlib</value>
  </requires>
  <setting id="assembler.def">
    <value>codered</value>
  </setting>
  <setting id="compiler.def"
           buildType="Debug"
           mode="replace">
    <value>DEBUG</value>
  </setting>
  <setting id="compiler.def"
           buildType="Release"
           mode="replace">
    <value>NDEBUG</value>
  </setting>
  <setting id="compiler.def">
    <value>__CODE_RED</value>
    <value>__NEWLIB__</value>
    <value>codered</value>
    <value>PART_LM3S9B96</value>
    <value>TARGET_IS_TEMPEST_RB1</value>
  </setting>
  <setting id="compiler.opt"
           buildType="Debug">
    <value>-Os</value>
  </setting>
  <setting id="compiler.opt"
           buildType="Release">
    <value>-Os</value>
  </setting>
  <setting id="compiler.flags"
           buildType="Debug">
    <value>-Os</value>
  </setting>
  <setting id="compiler.flags"
           buildType="Release">
    <value>-Os</value>
  </setting>
  <setting id="linker.script">
    <value>../motor_demo_codered.ld</value>
  </setting>
  <setting id="linker.libs">
    <value>driver-cm3</value>
    <value>c</value>
    <value>gcc</value>
  </setting>
  <setting id="linker.paths"
           buildType="Debug">
    <value>${workspace_loc:/driverlib/Debug}</value>
  </setting>
  <setting id="linker.paths"
           buildType="Release">
    <value>${workspace_loc:/driverlib/Release}</value>
  </setting>
  <setting id="compiler.inc">
    <value>${workspace_loc:/}</value>
    <value>..</value>
  </setting>
  <setting id="assembler.inc">
    <value>${workspace_loc:/}</value>
    <value>..</value>
  </setting>
</project>
